,MAE_biased_test,r_biased_test,r_bag_real_biased_test
0,5.111080956454427,0.945271339423883,-0.2327500366792339
